page_id,url,page_type,status,parent_hub,primary_intent,primary_query,central_entity,page_entity,unique_promise,required_sections,excluded_scope,prerequisites,next_action,canonical_owner,author,editor_reviewer,risk_class,freshness_class,calculator_id,hero_asset_id,schema_types,cluster,parent_id,main_scope,derived_scope,wave,pricing_unit,calculator_inputs,evidence_needs,primary_volume,primary_kd,primary_cpc,children,siblings,planned_indexability,supplementary_scope,evidence_status,keyword_count,assigned_volume,counted_demand_volume
HOM-001,/,home-hub,APPROVED — FROZEN 2026-09-15,,Find the correct cost guide and understand how dental estimates are structured.,dental cost,US dental procedure costs and patient out-of-pocket estimation,US dental costs,Find the correct cost guide and understand how dental estimates are structured.,Procedure directory; cash versus allowed versus patient cost; quote components; why costs vary; General affordability and insurance navigation,Detailed procedure prices and calculators belong to procedure owners. No duplicate /dental-cost-guide/.,Architecture approval; page-specific evidence; brief; actual author attribution,Use the appropriate procedure cost owner.,HOM-001,Farrukh Abdullah (research/writing; no dental qualification claimed),Unassigned; no documented dental reviewer,High: health and financial estimation,Annual and on material change proposed,,,Deferred to visible-content QA; no schema generated,Site framework,,Procedure directory; cash versus allowed versus patient cost; quote components; why costs vary,General affordability and insurance navigation,A,,,,320,31,3.56,DEN-001; DEN-002; DEN-004; DEN-005; DEN-006; DEN-007; DEN-008; DEN-010; DEN-013; DEN-017; DEN-019; DEN-020; DEN-022; DEN-023; DEN-024; DEN-025; DEN-029; DEN-030; GUI-001; GUI-002; DEF-026; DEF-033; DEF-035; DEF-037; DEF-038; TRU-001; TRU-002; TRU-003; TRU-004; TRU-005; TRU-006; TRU-007; TRU-008; TRU-009; TRU-010; TRU-011,,Index when complete and QA-approved,Related procedure links and narrowly relevant FAQs after the primary cost task.,Needs price/insurance/clinical evidence before drafting/publication,56,14120,13590
DEN-001,/dental-implant-cost-calculator/,procedure-cost+tool,APPROVED — FROZEN 2026-09-15,/,Estimate a single-tooth or itemized multi-tooth implant quote with visible components.,dental implants cost calculator,US dental procedure costs and patient out-of-pocket estimation,Dental implant costs,Estimate a single-tooth or itemized multi-tooth implant quote with visible components.,"Single-tooth implant; implant post, abutment and crown; per-tooth quote scope; generic implant cost and calculator queries; Insurance scenario; mini and zirconia implant distinctions; same-day quote inclusions; brief bridge comparison",Full-arch and full-mouth totals: DEN-003. All-on-4: DEN-012. Graft detail: DEN-007. Do not equate zirconia implant body with zirconia prosthesis.,Architecture approval; page-specific evidence; brief; actual author attribution; calculator spec and fixtures,Use one complete implant quote or itemized components without double counting.,DEN-001,Farrukh Abdullah (research/writing; no dental qualification claimed),Unassigned; no documented dental reviewer,High: health and financial estimation,Semiannual proposed,CALC-001,,Deferred to visible-content QA; no schema generated,Implants and replacement,HOM-001,"Single-tooth implant; implant post, abutment and crown; per-tooth quote scope; generic implant cost and calculator queries","Insurance scenario; mini and zirconia implant distinctions; same-day quote inclusions; brief bridge comparison",B,Per tooth / itemized case,"Quoted implant, abutment and crown fees; tooth count; separately quoted adjuncts; verified benefit inputs","Implant post/abutment/crown package data; itemization rules; material scope; benefit documentation",14800,7,3.78,DEN-003; DEN-012,DEN-003; DEN-007; DEN-012; DEN-029,Index when complete and QA-approved,Related procedure links and narrowly relevant FAQs after the primary cost task.,Needs price/insurance/clinical evidence before drafting/publication,59,264590,264590
DEN-002,/dental-cleaning-cost/,procedure-cost+tool,APPROVED — FROZEN 2026-09-15,/,Separate the cleaning-only fee from exam, imaging and optional visit add-ons.,dental cleaning cost,US dental procedure costs and patient out-of-pocket estimation,Routine dental cleaning cost,Separate the cleaning-only fee from exam, imaging and optional visit add-ons.,Routine cleaning cost; per-visit quote scope; what may be bundled; exam/X-ray/fluoride boundaries; insurance scenario,Deep cleaning/SRP: DEN-006. Exam: DEN-024. X-ray: DEN-011. Fluoride price depth remains on this page unless evidence supports a future split.,Architecture approval; page-specific evidence; brief; actual author attribution; calculator spec and fixtures,Distinguish the cleaning fee from separately quoted visit components.,DEN-002,Farrukh Abdullah (research/writing; no dental qualification claimed),Unassigned; no documented dental reviewer,High: health and financial estimation,Semiannual proposed,CALC-002,,Deferred to visible-content QA; no schema generated,Cleaning and gum care,HOM-001,Routine cleaning cost; per-visit quote scope; what may be bundled,Exam/X-ray/fluoride boundaries; insurance scenario,A,Per visit,"Cleaning fee; separately charged exam, X-rays and fluoride; included-in-bundle switches; financial benefit inputs","Routine cleaning fee data with visit inclusions; fluoride add-on scope; benefit frequency terms",8100,18,3.51,,DEN-006; DEN-011; DEN-024; DEN-025,Index when complete and QA-approved,Related procedure links and narrowly relevant FAQs after the primary cost task.,Needs price/insurance/clinical evidence before drafting/publication,214,119380,118900
DEN-003,/full-mouth-dental-implants-cost/,procedure-cost+tool,APPROVED — FROZEN 2026-09-15,/dental-implant-cost-calculator/,Normalize one-arch and two-arch quotes and distinguish fixed from removable implant restorations.,full mouth dental implants cost,US dental procedure costs and patient out-of-pocket estimation,Full-mouth and full-arch implant costs,Normalize one-arch and two-arch quotes and distinguish fixed from removable implant restorations.,Full-mouth and full-arch implant cost; per-arch unit; one versus two arches; fixed versus removable quote categories; implant-supported denture variants; Insurance scenario,All-on-4 named concept: DEN-012. Single-tooth implant component depth: DEN-001. Conventional dentures: DEN-023.,Architecture approval; page-specific evidence; brief; actual author attribution; calculator spec and fixtures,Normalize the written quote by arch count and restoration type without recommending a treatment.,DEN-003,Farrukh Abdullah (research/writing; no dental qualification claimed),Unassigned; no documented dental reviewer,High: health and financial estimation,Semiannual proposed,CALC-003,,Deferred to visible-content QA; no schema generated,Implants and replacement,DEN-001,Full-mouth and full-arch implant cost; per-arch unit; one versus two arches; fixed versus removable quote categories,implant-supported denture variants; Insurance scenario,B,Per arch; one or two arches,"Quoted fee per arch; arch count; prosthesis category from treatment quote; included/excluded adjuncts","Arch-specific package data separating fixed/removable, temporary/final prosthesis and one/two arches",60500,26,6.2,DEN-012,DEN-001; DEN-012; DEN-023,Index when complete and QA-approved,Related procedure links and narrowly relevant FAQs after the primary cost task.,Needs price/insurance/clinical evidence before drafting/publication,21,146070,146070
DEN-004,/dental-inlay-cost/,procedure-cost,APPROVED — FROZEN 2026-09-15,/,Explain an inlay quote as a distinct restoration with its own included laboratory and material costs.,dental inlay cost,US dental procedure costs and patient out-of-pocket estimation,Dental inlay cost,Explain an inlay quote as a distinct restoration with its own included laboratory and material costs.,Inlay cost; per-tooth/restoration unit; lab/material inclusions; insurance scenario,Onlay detail: DEN-013. Filling: DEN-010. Crown: DEN-022.,Architecture approval; page-specific evidence; brief; actual author attribution,Clarify whether laboratory/material fees are part of the quoted restoration amount.,DEN-004,Farrukh Abdullah (research/writing; no dental qualification claimed),Unassigned; no documented dental reviewer,High: health and financial estimation,Semiannual proposed,,,Deferred to visible-content QA; no schema generated,Restorations and root canals,HOM-001,Inlay cost; per-tooth/restoration unit; lab/material inclusions,insurance scenario,A,Per tooth / restoration,,Inlay fee data by material/lab scope; benefit documentation,1900,0,4.53,,DEN-010; DEN-013; DEN-022,Index when complete and QA-approved,Related procedure links and narrowly relevant FAQs after the primary cost task.,Needs price/insurance/clinical evidence before drafting/publication,1,1900,1900
DEN-005,/root-canal-cost/,procedure-cost+tool,APPROVED — FROZEN 2026-09-15,/,Show root-canal fees separately from optional quoted restoration and crown costs.,root canal cost without insurance,US dental procedure costs and patient out-of-pocket estimation,Root canal cost,Show root-canal fees separately from optional quoted restoration and crown costs.,Root-canal fee; tooth-category/retreatment quote scope; what may be separately billed; crown/restoration bridge; insurance scenario,Crown price depth: DEN-022. Filling detail: DEN-010. Emergency care: DEN-025.,Architecture approval; page-specific evidence; brief; actual author attribution; calculator spec and fixtures,Keep endodontic fee separate from separately quoted restoration/crown components.,DEN-005,Farrukh Abdullah (research/writing; no dental qualification claimed),Unassigned; no documented dental reviewer,High: health and financial estimation,Semiannual proposed,CALC-005,,Deferred to visible-content QA; no schema generated,Restorations and root canals,HOM-001,Root-canal fee; tooth-category/retreatment quote scope; what may be separately billed,crown/restoration bridge; insurance scenario,A,Per treated tooth / quoted case,"Tooth category from quote; root canal fee; separately quoted restoration/crown; benefit inputs","Tooth-category and retreatment fee scope; source crown component from DEN-022 data",2400,16,0,,DEN-010; DEN-022; DEN-025,Index when complete and QA-approved,Related procedure links and narrowly relevant FAQs after the primary cost task.,Needs price/insurance/clinical evidence before drafting/publication,14,10460,10460
DEN-006,/deep-teeth-cleaning-cost/,procedure-cost+tool,APPROVED — FROZEN 2026-09-15,/,Explain SRP quotes by quadrant and tooth extent with separate ongoing-maintenance costs.,deep cleaning teeth cost,US dental procedure costs and patient out-of-pocket estimation,Deep cleaning / scaling and root planing cost,Explain SRP quotes by quadrant and tooth extent with separate ongoing-maintenance costs.,Scaling/root planing cost; per-quadrant/extent unit; periodontal-maintenance bridge; insurance scenario,Routine cleaning: DEN-002. Periodontal maintenance: DEN-019.,Architecture approval; page-specific evidence; brief; actual author attribution; calculator spec and fixtures,Interpret only the SRP extent documented on a professional quote/treatment plan.,DEN-006,Farrukh Abdullah (research/writing; no dental qualification claimed),Unassigned; no documented dental reviewer,High: health and financial estimation,Semiannual proposed,CALC-006,,Deferred to visible-content QA; no schema generated,Cleaning and gum care,HOM-001,Scaling/root planing cost; per-quadrant/extent unit; periodontal-maintenance bridge,insurance scenario,A,Per quoted quadrant / defined extent,"Quoted quadrant fee and extent; number of quadrants; separately billed adjuncts; benefits","SRP fee scope by quadrant/extent; definition and insurance documentation",3600,16,3.96,,DEN-002; DEN-019; DEN-025,Index when complete and QA-approved,Related procedure links and narrowly relevant FAQs after the primary cost task.,Needs price/insurance/clinical evidence before drafting/publication,94,32670,32670
DEN-007,/dental-bone-graft-cost/,procedure-cost,APPROVED — FROZEN 2026-09-15,/,Explain site-specific graft fees and what an implant or extraction package may already include.,dental bone graft cost,US dental procedure costs and patient out-of-pocket estimation,Dental bone graft cost,Explain site-specific graft fees and what an implant or extraction package may already include.,Dental bone graft cost; per-site/quoted procedure unit; extraction/implant bundle boundaries; insurance scenario,Extraction price depth: DEN-008. Implant package depth: DEN-001. Do not determine graft need.,Architecture approval; page-specific evidence; brief; actual author attribution,Identify the graft line item and whether it is included in the surrounding quote.,DEN-007,Farrukh Abdullah (research/writing; no dental qualification claimed),Unassigned; no documented dental reviewer,High: health and financial estimation,Semiannual proposed,,,Deferred to visible-content QA; no schema generated,Extractions and adjuncts,HOM-001,Dental bone graft cost; per-site/quoted procedure unit; extraction/implant bundle boundaries,insurance scenario,B,Per site / quoted graft,,Graft fee data by site/type without making indication claims; inclusion rules,3600,16,3.58,,DEN-001; DEN-008; DEN-018; DEN-029,Index when complete and QA-approved,Related procedure links and narrowly relevant FAQs after the primary cost task.,Needs price/insurance/clinical evidence before drafting/publication,4,8020,8020
DEN-008,/tooth-extraction-cost/,procedure-cost+tool,APPROVED — FROZEN 2026-09-15,/,Estimate a quoted simple or surgical extraction without inferring which treatment is needed.,tooth extraction cost without insurance,US dental procedure costs and patient out-of-pocket estimation,Tooth extraction cost,Estimate a quoted simple or surgical extraction without inferring which treatment is needed.,Tooth extraction cost; simple versus surgical quote categories; per-tooth/visit unit; shared imaging/sedation boundary; graft boundary; insurance scenario,Wisdom-teeth pricing: DEN-018. Graft price depth: DEN-007. Root-canal comparison belongs DEN-005. Anesthesia/sedation detail deferred DEF-035.,Architecture approval; page-specific evidence; brief; actual author attribution; calculator spec and fixtures,Use provider quote labels rather than classifying an extraction medically.,DEN-008,Farrukh Abdullah (research/writing; no dental qualification claimed),Unassigned; no documented dental reviewer,High: health and financial estimation,Semiannual proposed,CALC-008,,Deferred to visible-content QA; no schema generated,Extractions and adjuncts,HOM-001,Tooth extraction cost; simple versus surgical quote categories; per-tooth/visit unit,shared imaging/sedation boundary; graft boundary; insurance scenario,A,Per tooth / quoted visit,"Quoted simple/surgical fees; tooth count; visit-level sedation/imaging once; benefits","Simple/surgical fee data and bundle rules; verified quote categories",4400,24,4.02,,DEN-005; DEN-007; DEN-018; DEN-025,Index when complete and QA-approved,Related procedure links and narrowly relevant FAQs after the primary cost task.,Needs price/insurance/clinical evidence before drafting/publication,80,50000,49120
DEN-010,/dental-filling-cost/,procedure-cost+tool,APPROVED — FROZEN 2026-09-15,/,Interpret filling prices by material, tooth and surface count.,dental filling cost,US dental procedure costs and patient out-of-pocket estimation,Dental filling cost,Interpret filling prices by material, tooth and surface count.,Filling cost; material/tooth/surface quote scope; replacement quote distinction; insurance scenario,Inlay/onlay: DEN-004/DEN-013. Crown: DEN-022. Root canal: DEN-005.,Architecture approval; page-specific evidence; brief; actual author attribution; calculator spec and fixtures,Use the restoration description from the dental quote rather than diagnosing decay/restoration need.,DEN-010,Farrukh Abdullah (research/writing; no dental qualification claimed),Unassigned; no documented dental reviewer,High: health and financial estimation,Semiannual proposed,CALC-010,,Deferred to visible-content QA; no schema generated,Restorations and root canals,HOM-001,Filling cost; material/tooth/surface quote scope; replacement quote distinction,insurance scenario,A,Per tooth / restoration,"Quoted fee; surfaces/material from quote; restoration count; benefits",Filling fees differentiated by surfaces and material,1900,13,0,,DEN-004; DEN-005; DEN-013; DEN-022,Index when complete and QA-approved,Related procedure links and narrowly relevant FAQs after the primary cost task.,Needs price/insurance/clinical evidence before drafting/publication,23,27640,27280
DEN-011,/dental-x-ray-cost/,procedure-cost,APPROVED — FROZEN 2026-09-15,/,Separate common dental X-ray series and visit contexts so users can match the quote they actually received.,dental x ray cost,US dental procedure costs and patient out-of-pocket estimation,Dental X-ray cost,Separate common dental X-ray series and visit contexts so users can match the quote they actually received.,X-ray series cost; per-image/series unit; visit bundle boundary; insurance scenario,Exam cost: DEN-024. Cleaning cost: DEN-002.,Architecture approval; page-specific evidence; brief; actual author attribution,Match the quoted series/type instead of inferring which imaging is needed.,DEN-011,Farrukh Abdullah (research/writing; no dental qualification claimed),Unassigned; no documented dental reviewer,High: health and financial estimation,Semiannual proposed,,,Deferred to visible-content QA; no schema generated,Diagnostics and visits,HOM-001,X-ray series cost; per-image/series unit; visit bundle boundary,insurance scenario,B,Per image / series,,X-ray fee data by series/type and bundle rules,880,14,4.17,,DEN-002; DEN-024,Index when complete and QA-approved,Related procedure links and narrowly relevant FAQs after the primary cost task.,Needs price/insurance/clinical evidence before drafting/publication,8,3420,3420
DEN-012,/all-on-4-dental-implants-cost/,procedure-cost+tool,APPROVED — FROZEN 2026-09-15,/full-mouth-dental-implants-cost/,Compare the inclusions of All-on-4 quotes using a consistently defined arch unit.,all on 4 dental implants cost,US dental procedure costs and patient out-of-pocket estimation,All-on-4 dental implant cost,Compare the inclusions of All-on-4 quotes using a consistently defined arch unit.,All-on-4 cost; per-arch unit; one/two arches; package inclusions; temporary/final prosthesis; insurance scenario,Generic full-arch/full-mouth implant pricing: DEN-003. Single implant: DEN-001. Do not imply All-on-4 is medically preferable.,Architecture approval; page-specific evidence; brief; actual author attribution; calculator spec and fixtures,Use the written treatment quote and clearly separate named-concept package inclusions.,DEN-012,Farrukh Abdullah (research/writing; no dental qualification claimed),Unassigned; no documented dental reviewer,High: health and financial estimation,Semiannual proposed,CALC-003-A04,,Deferred to visible-content QA; no schema generated,Implants and replacement,DEN-003,All-on-4 cost; per-arch unit; one/two arches; package inclusions; temporary/final prosthesis,insurance scenario,B,Per quoted arch,"Same arch engine; All-on-4 quote selected; arch count; package inclusions","Named-concept definition and package-specific fees; distinguish product claims from clinical evidence",6600,22,7.09,,DEN-001; DEN-003; DEN-023,Index when complete and QA-approved,Related procedure links and narrowly relevant FAQs after the primary cost task.,Needs price/insurance/clinical evidence before drafting/publication,4,9800,9800
DEN-013,/dental-onlay-cost/,procedure-cost,APPROVED — FROZEN 2026-09-15,/,Explain an onlay quote as a distinct restoration and compare its scope with inlay and crown quotes without recommending one.,dental onlay cost,US dental procedure costs and patient out-of-pocket estimation,Dental onlay cost,Explain an onlay quote as a distinct restoration and compare its scope with inlay and crown quotes without recommending one.,Onlay cost; per-tooth/restoration unit; lab/material inclusions; quote-boundary comparison,Inlay price depth: DEN-004. Crown price depth: DEN-022. Do not select a restoration.,Architecture approval; page-specific evidence; brief; actual author attribution,Compare quote categories and inclusions only.,DEN-013,Farrukh Abdullah (research/writing; no dental qualification claimed),Unassigned; no documented dental reviewer,High: health and financial estimation,Semiannual proposed,,,Deferred to visible-content QA; no schema generated,Restorations and root canals,HOM-001,Onlay cost; per-tooth/restoration unit; lab/material inclusions,quote-boundary comparison,A,Per tooth / restoration,,Onlay fee data by material/lab scope,590,5,4.53,,DEN-004; DEN-010; DEN-022,Index when complete and QA-approved,Related procedure links and narrowly relevant FAQs after the primary cost task.,Needs price/insurance/clinical evidence before drafting/publication,1,590,590
DEN-017,/invisalign-cost-calculator/,procedure-cost+tool,APPROVED — FROZEN 2026-09-15,/,Itemize a quoted Invisalign course and estimate payment responsibility.,invisalign cost calculator,US dental procedure costs and patient out-of-pocket estimation,Invisalign cost,Itemize a quoted Invisalign course and estimate payment responsibility.,Invisalign treatment-course quote; included refinements/retainers; orthodontic benefit; financing distinction,General braces cost: DEN-020. Retainer-only cost: DEN-030. Do not determine orthodontic eligibility.,Architecture approval; page-specific evidence; brief; actual author attribution; calculator spec and fixtures,Use only the quoted treatment-course details and plan benefit terms.,DEN-017,Farrukh Abdullah (research/writing; no dental qualification claimed),Unassigned; no documented dental reviewer,High: health and financial estimation,Semiannual proposed,CALC-017,,Deferred to visible-content QA; no schema generated,Orthodontics,HOM-001,Invisalign treatment-course quote; included refinements/retainers; orthodontic benefit,financing distinction,B,Per quoted treatment course,"Course quote; included/excluded retainers/refinements; orthodontic benefit and remaining lifetime maximum","Treatment-package fees; manufacturer terminology; verified orthodontic insurance mechanics",27100,34,4.77,,DEN-020; DEN-030; GUI-001,Index when complete and QA-approved,Related procedure links and narrowly relevant FAQs after the primary cost task.,Needs price/insurance/clinical evidence before drafting/publication,21,52990,52990
DEN-018,/wisdom-teeth-removal-cost/,procedure-cost+tool,APPROVED — FROZEN 2026-09-15,/,Separate per-tooth removal charges from shared imaging and sedation.,wisdom teeth removal cost without insurance,US dental procedure costs and patient out-of-pocket estimation,Wisdom teeth removal cost,Separate per-tooth removal charges from shared imaging and sedation.,Wisdom-tooth removal cost; tooth-count/unit; shared imaging/sedation; insurance scenario,Generic extraction pricing: DEN-008. Graft detail: DEN-007. Sedation detail deferred DEF-035.,Architecture approval; page-specific evidence; brief; actual author attribution; calculator spec and fixtures,Use only quote categories supplied by the dental professional; do not classify impaction or need.,DEN-018,Farrukh Abdullah (research/writing; no dental qualification claimed),Unassigned; no documented dental reviewer,High: health and financial estimation,Semiannual proposed,CALC-008-WIS,,Deferred to visible-content QA; no schema generated,Extractions and adjuncts,HOM-001,Wisdom-tooth removal cost; tooth-count/unit; shared imaging/sedation,insurance scenario,B,Per tooth plus visit-level costs,"Up to four quoted wisdom teeth; quoted removal categories; shared sedation/imaging once; benefits","Wisdom-specific fees and unit rules; visit-level sedation inclusions",480,9,0,,DEN-007; DEN-008; DEN-025,Index when complete and QA-approved,Related procedure links and narrowly relevant FAQs after the primary cost task.,Needs price/insurance/clinical evidence before drafting/publication,28,8090,7610
DEN-019,/periodontal-maintenance-cost/,procedure-cost,APPROVED — FROZEN 2026-09-15,/,Explain maintenance-visit pricing after periodontal treatment without blending it into routine cleaning.,periodontal maintenance cost,US dental procedure costs and patient out-of-pocket estimation,Periodontal maintenance cost,Explain maintenance-visit pricing after periodontal treatment without blending it into routine cleaning.,Periodontal-maintenance cost; per-visit unit; frequency/insurance context,Routine cleaning: DEN-002. SRP/deep cleaning: DEN-006.,Architecture approval; page-specific evidence; brief; actual author attribution,Explain billed maintenance visits without giving clinical scheduling advice.,DEN-019,Farrukh Abdullah (research/writing; no dental qualification claimed),Unassigned; no documented dental reviewer,High: health and financial estimation,Semiannual proposed,,,Deferred to visible-content QA; no schema generated,Cleaning and gum care,HOM-001,Periodontal-maintenance cost; per-visit unit,frequency/insurance context,B,Per visit,,Maintenance visit fees and coverage frequency documentation,480,15,3.5,,DEN-002; DEN-006,Index when complete and QA-approved,Related procedure links and narrowly relevant FAQs after the primary cost task.,Needs price/insurance/clinical evidence before drafting/publication,4,670,670
DEN-020,/braces-cost/,procedure-cost+tool,APPROVED — FROZEN 2026-09-15,/,Compare quoted braces treatment-course categories and insurance or financing inputs.,braces cost,US dental procedure costs and patient out-of-pocket estimation,Braces cost,Compare quoted braces treatment-course categories and insurance or financing inputs.,Braces treatment-course cost; appliance category from quote; orthodontic benefit; payment/financing distinction,Invisalign: DEN-017. Retainer cost: DEN-030. Do not recommend appliance type.,Architecture approval; page-specific evidence; brief; actual author attribution; calculator spec and fixtures,Use the orthodontist's quoted appliance/treatment-course label.,DEN-020,Farrukh Abdullah (research/writing; no dental qualification claimed),Unassigned; no documented dental reviewer,High: health and financial estimation,Semiannual proposed,CALC-020,,Deferred to visible-content QA; no schema generated,Orthodontics,HOM-001,Braces treatment-course cost; appliance category from quote; orthodontic benefit,payment/financing distinction,B,Per quoted treatment course,"Course quote; appliance category from quote; orthodontic benefit/lifetime maximum; payment plan fields","Braces package fees; orthodontic insurance and financing rules",14800,47,3.82,,DEN-017; DEN-030; GUI-001,Index when complete and QA-approved,Related procedure links and narrowly relevant FAQs after the primary cost task.,Needs price/insurance/clinical evidence before drafting/publication,12,19940,19940
DEN-022,/dental-crown-cost/,procedure-cost+tool,APPROVED — FROZEN 2026-09-15,/,Interpret crown quotes by material and included laboratory/core components.,dental crown cost,US dental procedure costs and patient out-of-pocket estimation,Dental crown cost,Interpret crown quotes by material and included laboratory/core components.,Crown cost; material category; per-tooth unit; lab/core/build-up inclusions; insurance scenario,Root canal: DEN-005. Inlay/onlay: DEN-004/DEN-013. Implant crown detail remains with implant quote owner DEN-001 where part of that package.,Architecture approval; page-specific evidence; brief; actual author attribution; calculator spec and fixtures,Use the crown/material description from the provider quote without selecting a material.,DEN-022,Farrukh Abdullah (research/writing; no dental qualification claimed),Unassigned; no documented dental reviewer,High: health and financial estimation,Semiannual proposed,CALC-022,,Deferred to visible-content QA; no schema generated,Restorations and root canals,HOM-001,Crown cost; material category; per-tooth unit; lab/core/build-up inclusions,insurance scenario,B,Per tooth / crown,"Quoted crown fee; material from quote; separately billed core/build-up; count; benefits","Crown fees by material and included lab/core components",14800,40,0,,DEN-001; DEN-004; DEN-005; DEN-010; DEN-013,Index when complete and QA-approved,Related procedure links and narrowly relevant FAQs after the primary cost task.,Needs price/insurance/clinical evidence before drafting/publication,20,28240,27880
DEN-023,/dentures-cost/,procedure-cost+tool,APPROVED — FROZEN 2026-09-15,/,Normalize denture quotes by arch and clearly separate conventional dentures from implant-supported options.,dental dentures prices,US dental procedure costs and patient out-of-pocket estimation,Dentures cost,Normalize denture quotes by arch and clearly separate conventional dentures from implant-supported options.,Conventional full/partial denture cost; per-arch unit; flipper/temporary partial concept; insurance scenario,Implant-supported dentures/full-arch implants: DEN-003. Implant components: DEN-001.,Architecture approval; page-specific evidence; brief; actual author attribution; calculator spec and fixtures,Use the quoted denture category/arch; do not infer suitability.,DEN-023,Farrukh Abdullah (research/writing; no dental qualification claimed),Unassigned; no documented dental reviewer,High: health and financial estimation,Semiannual proposed,CALC-023,,Deferred to visible-content QA; no schema generated,Implants and replacement,HOM-001,Conventional full/partial denture cost; per-arch unit; flipper/temporary partial concept,insurance scenario,B,Per arch / appliance,"Quoted denture fee; appliance category; upper/lower/both; separately quoted services; benefits","Denture fees by arch/appliance type; flipper scope; included services",2900,22,3.13,,DEN-003; DEN-030,Index when complete and QA-approved,Related procedure links and narrowly relevant FAQs after the primary cost task.,Needs price/insurance/clinical evidence before drafting/publication,24,14660,14660
DEN-024,/dental-exam-cost/,procedure-cost,APPROVED — FROZEN 2026-09-15,/,Separate the exam fee from imaging, cleaning and procedure charges on a visit quote.,dental exam cost,US dental procedure costs and patient out-of-pocket estimation,Dental exam cost,Separate the exam fee from imaging, cleaning and procedure charges on a visit quote.,Dental exam cost; exam category; per-visit unit; cleaning/X-ray bundle boundary; insurance scenario,Cleaning: DEN-002. X-ray: DEN-011. Emergency visit: DEN-025.,Architecture approval; page-specific evidence; brief; actual author attribution,Use provider exam category/quote and avoid diagnosis content.,DEN-024,Farrukh Abdullah (research/writing; no dental qualification claimed),Unassigned; no documented dental reviewer,High: health and financial estimation,Semiannual proposed,,,Deferred to visible-content QA; no schema generated,Diagnostics and visits,HOM-001,Dental exam cost; exam category; per-visit unit; cleaning/X-ray bundle boundary,insurance scenario,B,Per visit,,Exam fee data by exam category and visit bundle rules,590,18,3.9,,DEN-002; DEN-011; DEN-025,Index when complete and QA-approved,Related procedure links and narrowly relevant FAQs after the primary cost task.,Needs price/insurance/clinical evidence before drafting/publication,9,5070,5070
DEN-025,/emergency-dentist-cost/,procedure-cost,APPROVED — FROZEN 2026-09-15,/,Separate the urgent-visit fee from diagnostic and treatment charges that may follow.,emergency dentist cost,US dental procedure costs and patient out-of-pocket estimation,Emergency dentist visit cost,Separate the urgent-visit fee from diagnostic and treatment charges that may follow.,Emergency visit/exam fee; separate imaging/treatment charges; after-hours quote context; insurance scenario,Do not perform triage or diagnosis. Procedure prices belong to their canonical procedure pages.,Architecture approval; page-specific evidence; brief; actual author attribution,Explain billing structure and direct users to professional/emergency resources without symptom-based triage.,DEN-025,Farrukh Abdullah (research/writing; no dental qualification claimed),Unassigned; no documented dental reviewer,High: health and financial estimation,Quarterly proposed,,,Deferred to visible-content QA; no schema generated,Diagnostics and visits,HOM-001,Emergency visit/exam fee; separate imaging/treatment charges; after-hours quote context,insurance scenario,B,Per visit,,Urgent-visit fee data; after-hours scope; safe professional-care escalation wording,1300,24,4.86,,DEN-005; DEN-006; DEN-008; DEN-018; DEN-024,Index when complete and QA-approved,Related procedure links and narrowly relevant FAQs after the primary cost task.,Needs price/insurance/clinical evidence before drafting/publication,10,3940,3940
DEN-029,/dental-bridge-cost/,procedure-cost+tool,APPROVED — FROZEN 2026-09-15,/,Normalize bridge quotes by unit count and distinguish implant-supported bridge components.,dental bridge cost without insurance,US dental procedure costs and patient out-of-pocket estimation,Dental bridge cost,Normalize bridge quotes by unit count and distinguish implant-supported bridge components.,Bridge cost; per-unit/bridge unit count; conventional versus implant-supported quote distinction; insurance scenario,Single implants: DEN-001. Full-mouth implants: DEN-003. Do not select bridge versus implant.,Architecture approval; page-specific evidence; brief; actual author attribution; calculator spec and fixtures,Use quoted bridge unit count and support type.,DEN-029,Farrukh Abdullah (research/writing; no dental qualification claimed),Unassigned; no documented dental reviewer,High: health and financial estimation,Semiannual proposed,CALC-029,,Deferred to visible-content QA; no schema generated,Implants and replacement,HOM-001,Bridge cost; per-unit/bridge unit count; conventional versus implant-supported quote distinction,insurance scenario,B,Per bridge unit / quoted prosthesis,"Quoted total or per-unit fee; unit count; support category from quote; benefits","Bridge fee data by unit count/support type; implant-supported boundary",590,20,0,,DEN-001; DEN-003; DEN-007,Index when complete and QA-approved,Related procedure links and narrowly relevant FAQs after the primary cost task.,Needs price/insurance/clinical evidence before drafting/publication,19,4620,4620
DEN-030,/dental-retainer-cost/,procedure-cost,APPROVED — FROZEN 2026-09-15,/,Explain replacement and post-treatment retainer charges separately from active orthodontic treatment.,dental retainer cost,US dental procedure costs and patient out-of-pocket estimation,Dental retainer cost,Explain replacement and post-treatment retainer charges separately from active orthodontic treatment.,Retainer cost; per-appliance or set unit; initial-included versus replacement charge; insurance context,Active braces: DEN-020. Invisalign treatment course: DEN-017.,Architecture approval; page-specific evidence; brief; actual author attribution,Separate included treatment-package retainers from separately charged replacement appliances.,DEN-030,Farrukh Abdullah (research/writing; no dental qualification claimed),Unassigned; no documented dental reviewer,High: health and financial estimation,Semiannual proposed,,,Deferred to visible-content QA; no schema generated,Orthodontics,HOM-001,Retainer cost; per-appliance or set unit; initial-included versus replacement charge,insurance context,B,Per appliance / set,,Retainer fees; package inclusion/replacement scope,2400,18,2.46,,DEN-017; DEN-020,Index when complete and QA-approved,Related procedure links and narrowly relevant FAQs after the primary cost task.,Needs price/insurance/clinical evidence before drafting/publication,7,4460,4460
GUI-001,/dental-financing-options/,finance-guide,APPROVED — FROZEN 2026-09-15,/,Compare dental payment options without implying one option is medically necessary or universally cheapest.,dental financing,US dental procedure costs and patient out-of-pocket estimation,Dental financing and payment options,Compare dental payment options without implying one option is medically necessary or universally cheapest.,Payment plans; financing categories; APR/term variables; discount plans versus insurance; questions to ask,Procedure prices belong to DEN pages. Insurance mechanics belong GUI-002. Do not recommend a lender without commercial-disclosure and evidence review.,Architecture approval; regulatory/commercial evidence; disclosures,Compare terms and costs without steering clinical choices.,GUI-001,Farrukh Abdullah (research/writing; no dental qualification claimed),Unassigned; no documented dental reviewer,High: financial decision support,Quarterly proposed,,,Deferred to visible-content QA; no schema generated,Payment and insurance,HOM-001,Payment plans; financing categories; APR/term variables,discount plans versus insurance; questions to ask,A,Financial terms only,,Consumer finance rules; lender/plan disclosures if ever named,1300,44,10.78,,GUI-002; DEN-017; DEN-020; TRU-010,Index when complete and QA-approved,Related procedure links and narrowly relevant FAQs after the primary cost task.,Needs financial/commercial evidence before drafting/publication,4,3370,3370
GUI-002,/dental-insurance-out-of-pocket-costs/,insurance-guide,APPROVED — FROZEN 2026-09-15,/,Explain how allowed amounts, deductibles, coinsurance and annual maximums interact in a dental estimate.,dental insurance out of pocket costs,US dental procedure costs and patient out-of-pocket estimation,Dental insurance out-of-pocket cost mechanics,Explain how allowed amounts, deductibles, coinsurance and annual maximums interact in a dental estimate.,Allowed amount; deductible; coinsurance/copay; annual maximum; network; exclusions/waiting periods; remaining benefits,Buying insurance/premium comparison deferred DEF-037. Procedure-specific patient estimates remain on DEN pages.,Architecture approval; authoritative insurance evidence; calculator methodology,Explain plan mechanics conditionally; never promise coverage.,GUI-002,Farrukh Abdullah (research/writing; no dental qualification claimed),Unassigned; no documented dental reviewer,High: financial estimation,Quarterly proposed,,,Deferred to visible-content QA; no schema generated,Payment and insurance,HOM-001,Allowed amount; deductible; coinsurance/copay; annual maximum; network; exclusions/waiting periods,remaining benefits,A,Insurance mechanics,,Insurer/plan documentation and definitions,20,0,0,,GUI-001; all procedure calculators; TRU-009,Index when complete and QA-approved,Related procedure links and narrowly relevant FAQs after the primary cost task.,Needs insurance evidence before drafting/publication,5,170,170
TRU-001,/about/,trust-page,APPROVED — FROZEN 2026-09-15,/,Explain who publishes the site and what the site does and does not do.,about,US dental procedure costs and patient out-of-pocket estimation,About the dental cost site,Explain who publishes the site and what the site does and does not do.,Publisher identity; mission; scope; limitations; editorial separation; contact path,No fabricated clinic identity or dental practice relationship.,Real publisher facts and policies,Make publisher accountability visible.,TRU-001,Farrukh Abdullah (research/writing; no dental qualification claimed),Unassigned; no documented dental reviewer,High trust surface,Annual and on material change proposed,,,Deferred to visible-content QA; no schema generated,Trust and methodology,HOM-001,Publisher identity; mission; scope; limitations,editorial separation; contact path,A,,,Actual publisher facts and site policies,,,,,TRU-003,TRU-002; TRU-004; TRU-007; TRU-008; TRU-009; TRU-011,Index when complete and QA-approved,Related procedure links and narrowly relevant FAQs after the primary cost task.,Requires real publisher facts,0,0,0
TRU-002,/editorial-policy/,trust-page,APPROVED — FROZEN 2026-09-15,/,Describe the evidence hierarchy, author/reviewer rules, correction process and commercial separation.,editorial policy,US dental procedure costs and patient out-of-pocket estimation,Editorial policy,Describe the evidence hierarchy, author/reviewer rules, correction process and commercial separation.,Evidence hierarchy; sourcing rules; author/reviewer roles; AI/tooling disclosure if used; conflicts; updates,No fake review claim or unverifiable editorial board.,Approved operating rules and actual workflow,Document the standards used by content pages.,TRU-002,Farrukh Abdullah (research/writing; no dental qualification claimed),Unassigned; no documented dental reviewer,High trust surface,Annual and on material change proposed,,,Deferred to visible-content QA; no schema generated,Trust and methodology,HOM-001,Evidence hierarchy; sourcing rules; author/reviewer roles; AI/tooling disclosure if used,conflicts; updates,A,,,Project evidence/semantic operating documents,,,,,,TRU-001; TRU-003; TRU-007; TRU-008,Index when complete and QA-approved,Related procedure links and narrowly relevant FAQs after the primary cost task.,Can be drafted from approved policy docs but must match actual practice,0,0,0
TRU-003,/authors/farrukh-abdullah/,trust-page,APPROVED — FROZEN 2026-09-15,/about/,Document the author's real background and clearly state the absence of dental credentials if applicable.,farrukh abdullah,US dental procedure costs and patient out-of-pocket estimation,Author profile: Farrukh Abdullah,Document the author's real background and clearly state the absence of dental credentials if applicable.,Real bio; research role; non-dentist limitation; other real qualifications; contact/editorial policy links,Do not imply dentist/hygienist credentials or clinical experience.,Verified author facts only,Provide transparent authorship and limits.,TRU-003,Farrukh Abdullah (research/writing; no dental qualification claimed),Unassigned; no documented dental reviewer,High trust surface,Annual and on material change proposed,,,Deferred to visible-content QA; no schema generated,Trust and methodology,TRU-001,Real bio; research role; non-dentist limitation; other real qualifications,contact/editorial policy links,A,,,Verified author bio/credential evidence,,,,,,TRU-001; TRU-002,Index when complete and QA-approved,Related procedure links and narrowly relevant FAQs after the primary cost task.,Requires verified author facts,0,0,0
TRU-004,/contact/,trust-page,APPROVED — FROZEN 2026-09-15,/,Provide a real way to contact the publisher for questions and corrections.,contact,US dental procedure costs and patient out-of-pocket estimation,Contact,Provide a real way to contact the publisher for questions and corrections.,Contact channel; correction requests; privacy-safe expectations,No fake office address or clinical appointment channel.,Real contact details,Support accountability and corrections.,TRU-004,Farrukh Abdullah (research/writing; no dental qualification claimed),Unassigned; no documented dental reviewer,Trust surface,Annual and on material change proposed,,,Deferred to visible-content QA; no schema generated,Trust and methodology,HOM-001,Contact channel; correction requests,privacy-safe expectations,A,,,Real contact channel,,,,,,TRU-001; TRU-007,Index when complete and QA-approved,Related procedure links and narrowly relevant FAQs after the primary cost task.,Requires real contact details,0,0,0
TRU-005,/privacy/,trust-page,APPROVED — FROZEN 2026-09-15,/,Explain calculator input handling, analytics, cookies and external services accurately.,privacy policy,US dental procedure costs and patient out-of-pocket estimation,Privacy policy,Explain calculator input handling, analytics, cookies and external services accurately.,Data collected; calculator processing; analytics; cookies; retention; third parties; user rights where applicable,Do not publish generic template claims that conflict with deployed scripts.,Actual technical implementation and legal review where needed,Match privacy wording to the deployed site.,TRU-005,Farrukh Abdullah (research/writing; no dental qualification claimed),Unassigned; no documented dental reviewer,Legal/privacy hard gate,On any tracking/vendor change proposed,,,Deferred to visible-content QA; no schema generated,Trust and methodology,HOM-001,Data collected; calculator processing; analytics; cookies; retention; third parties,user rights where applicable,A,,,Actual scripts/vendors/data flows; legal review as appropriate,,,,,,TRU-006; TRU-010,Index when complete and QA-approved,Related procedure links and narrowly relevant FAQs after the primary cost task.,Requires actual implementation and legal/privacy verification,0,0,0
TRU-006,/terms/,trust-page,APPROVED — FROZEN 2026-09-15,/,State informational limitations, acceptable use and liability/disclaimer terms.,terms of use,US dental procedure costs and patient out-of-pocket estimation,Terms of use,State informational limitations, acceptable use and liability/disclaimer terms.,Informational-use terms; no professional relationship; estimator limitations; site use,Must not contradict medical disclaimer/privacy policy.,Actual site behavior and legal review as appropriate,Define site-use boundaries.,TRU-006,Farrukh Abdullah (research/writing; no dental qualification claimed),Unassigned; no documented dental reviewer,Legal hard gate,Annual and on material change proposed,,,Deferred to visible-content QA; no schema generated,Trust and methodology,HOM-001,Informational-use terms; no professional relationship,estimator limitations; site use,A,,,Actual site behavior; legal review as appropriate,,,,,,TRU-005; TRU-011,Index when complete and QA-approved,Related procedure links and narrowly relevant FAQs after the primary cost task.,Requires legal review as appropriate,0,0,0
TRU-007,/corrections-and-updates/,trust-page,APPROVED — FROZEN 2026-09-15,/,Explain how errors are corrected and time-sensitive price data are refreshed.,corrections policy,US dental procedure costs and patient out-of-pocket estimation,Corrections and updates policy,Explain how errors are corrected and time-sensitive price data are refreshed.,Correction intake; update cadence; visible dates; material-change handling; changelog approach,No promise of continuous real-time pricing unless actually provided.,Approved refresh/correction workflow,Make freshness governance visible.,TRU-007,Farrukh Abdullah (research/writing; no dental qualification claimed),Unassigned; no documented dental reviewer,High trust surface,Annual and on material change proposed,,,Deferred to visible-content QA; no schema generated,Trust and methodology,HOM-001,Correction intake; update cadence; visible dates; material-change handling,changelog approach,A,,,Project correction/freshness rules,,,,,,TRU-002; TRU-004; TRU-008,Index when complete and QA-approved,Related procedure links and narrowly relevant FAQs after the primary cost task.,Can be drafted from approved workflow but must match actual process,0,0,0
TRU-008,/cost-data-methodology/,trust-page,APPROVED — FROZEN 2026-09-15,/,Explain how price observations are sourced, scoped, normalized and refreshed without pretending they are quotes.,dental cost methodology,US dental procedure costs and patient out-of-pocket estimation,Cost data methodology,Explain how price observations are sourced, scoped, normalized and refreshed without pretending they are quotes.,Source hierarchy; geography/date/unit; price type; inclusion/exclusion; derivation; refresh; limitations,No invented national ranges or opaque proprietary adjustment.,Versioned source register and cost dataset,Explain the provenance of every material cost figure.,TRU-008,Farrukh Abdullah (research/writing; no dental qualification claimed),Unassigned; no documented dental reviewer,High trust/data surface,Semiannual proposed,,,Deferred to visible-content QA; no schema generated,Trust and methodology,HOM-001,Source hierarchy; geography/date/unit; price type; inclusion/exclusion; derivation,refresh; limitations,A,,,Source register; cost-data files; derivation rules,,,,,,TRU-002; TRU-007; TRU-009,Index when complete and QA-approved,Related procedure links and narrowly relevant FAQs after the primary cost task.,Requires versioned source/data system,0,0,0
TRU-009,/calculator-methodology/,trust-page,APPROVED — FROZEN 2026-09-15,/,Explain calculator inputs, formulas, assumptions, insurance model, error handling and limitations.,dental calculator methodology,US dental procedure costs and patient out-of-pocket estimation,Calculator methodology and limitations,Explain calculator inputs, formulas, assumptions, insurance model, error handling and limitations.,Shared engine; page-specific specs; input validation; insurance order; rounding; tests; privacy; limitations,No hidden assumptions or medical decision rules.,Completed calculator specs and test fixtures,Make estimator logic auditable.,TRU-009,Farrukh Abdullah (research/writing; no dental qualification claimed),Unassigned; no documented dental reviewer,Calculator hard gate,On every engine/model change proposed,,,Deferred to visible-content QA; no schema generated,Trust and methodology,HOM-001,Shared engine; page-specific specs; input validation; insurance order; rounding; tests; privacy,limitations,A,,,Calculator specs; tests; source register,,,,,,GUI-002; TRU-008,Index when complete and QA-approved,Related procedure links and narrowly relevant FAQs after the primary cost task.,Requires completed shared engine and calculator specs,0,0,0
TRU-010,/disclosures/,trust-page,APPROVED — FROZEN 2026-09-15,/,Disclose advertising, affiliate, sponsorship and financial relationships accurately.,disclosures,US dental procedure costs and patient out-of-pocket estimation,Advertising and affiliate disclosures,Disclose advertising, affiliate, sponsorship and financial relationships accurately.,Advertising policy; affiliate relationships; sponsorship; editorial independence; lead generation if used,Do not imply relationships that do not exist.,Actual monetization model and contracts,Keep commercial incentives transparent.,TRU-010,Farrukh Abdullah (research/writing; no dental qualification claimed),Unassigned; no documented dental reviewer,Commercial trust gate,On monetization change proposed,,,Deferred to visible-content QA; no schema generated,Trust and methodology,HOM-001,Advertising policy; affiliate relationships; sponsorship; editorial independence,lead generation if used,A,,,Actual monetization model and agreements,,,,,,TRU-005; GUI-001,Index when complete and QA-approved,Related procedure links and narrowly relevant FAQs after the primary cost task.,Requires actual monetization facts,0,0,0
TRU-011,/medical-disclaimer/,trust-page,APPROVED — FROZEN 2026-09-15,/,State that the site provides cost education rather than diagnosis, treatment advice or emergency triage.,medical disclaimer,US dental procedure costs and patient out-of-pocket estimation,Medical/cost-estimation disclaimer,State that the site provides cost education rather than diagnosis, treatment advice or emergency triage.,Cost-education scope; not diagnosis/treatment; not a quote; professional-care escalation; emergency limitation,Must not pretend disclaimer cures unsafe article content.,Actual site scope and reviewed safety wording,Set explicit clinical boundaries.,TRU-011,Farrukh Abdullah (research/writing; no dental qualification claimed),Unassigned; no documented dental reviewer,YMYL hard gate,Annual and on material change proposed,,,Deferred to visible-content QA; no schema generated,Trust and methodology,HOM-001,Cost-education scope; not diagnosis/treatment; not a quote,professional-care escalation; emergency limitation,A,,,Project safety rules; appropriate legal/clinical review,,,,,,TRU-001; TRU-006,Index when complete and QA-approved,Related procedure links and narrowly relevant FAQs after the primary cost task.,Requires safety/legal review as appropriate,0,0,0
DEF-026,/broken-tooth-repair-cost/,cost-framework,DEFERRED — not a build route,/,Explain cost categories only after a dentist identifies the procedure.,dental repair costs,US dental procedure costs and patient out-of-pocket estimation,Broken-tooth treatment cost framework,Explain cost categories only after a dentist identifies the procedure.,Deferred only; no build scope,Do not build until SERP/user-task evidence and evidence model justify a distinct URL.,Architecture review with new evidence,Remain deferred; summarize carefully on relevant canonical procedure pages if useful.,DEF-026,Farrukh Abdullah (research/writing; no dental qualification claimed),Unassigned; no documented dental reviewer,High clinical ambiguity,Quarterly review proposed,,,Deferred to visible-content QA; no schema generated,Deferred candidates,HOM-001,Deferred only,no build scope,Deferred,, ,No calculator,"Evidence that one canonical URL can satisfy a coherent cost task without diagnosing treatment",12100,33,3.91,,,Do not build/index in current architecture,,Deferred; needs SERP/evidence review,1,12100,0
DEF-033,/sleep-apnea-dental-appliance-cost/,cost-framework,DEFERRED — not a build route,/,Explain a prescribed appliance quote with dental/medical billing boundaries.,apnea dental appliance cost,US dental procedure costs and patient out-of-pocket estimation,Sleep-apnea dental appliance cost framework,Explain a prescribed appliance quote with dental/medical billing boundaries.,Deferred only; no build scope,Medical/dental boundary and prescription context make this unsuitable for the first architecture without dedicated evidence.,Architecture review with medical/dental coverage evidence,Remain deferred.,DEF-033,Farrukh Abdullah (research/writing; no dental qualification claimed),Unassigned; no documented dental reviewer,High medical/insurance boundary,Quarterly review proposed,,,Deferred to visible-content QA; no schema generated,Deferred candidates,HOM-001,Deferred only,no build scope,Deferred,, ,No calculator,"Medical device/prescription status; medical-versus-dental coverage and appliance pricing",2400,10,0,,,Do not build/index in current architecture,,Deferred; needs medical/coverage evidence,2,2440,0
DEF-035,/dental-anesthesia-cost/,cost-framework,DEFERRED — not a build route,/,Separate local anesthetic inclusion from separately quoted sedation charges.,how much does dental anesthesia cost,US dental procedure costs and patient out-of-pocket estimation,Dental anesthesia/sedation cost framework,Separate local anesthetic inclusion from separately quoted sedation charges.,Deferred only; no build scope,High terminology/clinical-risk and overlapping procedure-specific bundle context; keep as section until evidence justifies a page.,Architecture review with anesthesia/sedation fee and terminology evidence,Remain deferred; route procedure pages to quote-inclusion explanation only.,DEF-035,Farrukh Abdullah (research/writing; no dental qualification claimed),Unassigned; no documented dental reviewer,High clinical/sedation risk,Quarterly review proposed,,,Deferred to visible-content QA; no schema generated,Deferred candidates,HOM-001,Deferred only,no build scope,Deferred,, ,No calculator,"Authoritative sedation/anesthesia definitions and scoped fee evidence",2400,28,3.78,,,Do not build/index in current architecture,,Deferred; needs clinical/evidence review,12,5420,0
DEF-037,/dental-insurance-costs/,cost-framework,DEFERRED — not a build route,/,Distinguish buying coverage from paying for a procedure.,dental insurance cost,US dental procedure costs and patient out-of-pocket estimation,Dental insurance premium/cost framework,Distinguish buying coverage from paying for a procedure.,Deferred only; no build scope,Current site identity is procedure cost/out-of-pocket estimation; insurance shopping requires separate evidence and commercial policy.,Architecture review with premium-market evidence,Remain deferred; GUI-002 owns out-of-pocket mechanics.,DEF-037,Farrukh Abdullah (research/writing; no dental qualification claimed),Unassigned; no documented dental reviewer,High financial/commercial boundary,Quarterly review proposed,,,Deferred to visible-content QA; no schema generated,Deferred candidates,HOM-001,Deferred only,no build scope,Deferred,, ,No calculator,Dental plan premium evidence and market segmentation,14800,43,7.97,,,Do not build/index in current architecture,,Deferred; outside current primary task,72,45350,0
DEF-038,/dental-abscess-treatment-cost/,cost-framework,DEFERRED — not a build route,/,Explain why an existing treatment plan determines the cost components.,dental abscess treatments cost,US dental procedure costs and patient out-of-pocket estimation,Dental abscess treatment cost framework,Explain why an existing treatment plan determines the cost components.,Deferred only; no build scope,Symptom/diagnosis-led query creates clinical risk and spans multiple procedures; do not build without a safe evidence model.,Architecture review with clinical safety evidence,Remain deferred; canonical procedure pages own costs after diagnosis/treatment plan.,DEF-038,Farrukh Abdullah (research/writing; no dental qualification claimed),Unassigned; no documented dental reviewer,High clinical ambiguity,Quarterly review proposed,,,Deferred to visible-content QA; no schema generated,Deferred candidates,HOM-001,Deferred only,no build scope,Deferred,, ,No calculator,Clinical definition/safety evidence plus procedure-routing model,880,22,4.73,,,Do not build/index in current architecture,,Deferred; diagnosis-led intent,4,1240,0
